{
    "Main": {
      "hero_image": {
        "type": "Image",
        "config": {
          "constraint": {
            "width": 1920,
            "height": 1080
          },
          "thumbnails": [
            {
              "name": "tablet",
              "width": 1536,
              "height": 2048
            },
            {
              "name": "phone",
              "width": 750,
              "height": 1334
            }
          ],
          "label": "Hero Image"
        }
      },
      "page_title": {
        "type": "StructuredText",
        "config": {
          "multi": "heading1",
          "label": "Page Title",
          "placeholder": "Page title"
        }
      },
      "divider_and_button_color": {
        "type": "Color",
        "config": {
          "label": "Divider and button color"
        }
      },
      "page_description": {
        "type": "StructuredText",
        "config": {
          "multi": "paragraph",
          "label": "Page Description",
          "placeholder": "Page description"
        }
      },
      "button_label": {
        "type": "StructuredText",
        "config": {
          "multi": "paragraph, preformatted, heading1, heading2, heading3, heading4, heading5, heading6, strong, em, hyperlink, image, embed, list-item, o-list-item, o-list-item",
          "label": "Button label",
          "placeholder": "Click Here"
        }
      },
      "button_link": {
        "type": "Link",
        "config": {
          "label": "Button Link",
          "placeholder": "Select the link"
        }
      },
      "body": {
        "type": "Slices",
        "fieldset": "Slice zone",
        "config": {
          "labels": {
            "banner_with_caption": [],
            "locations": [],
            "section_title": [],
            "smaller_cta": [],
            "comparison_table": [],
            "cta": [],
            "text_with_button": [],
            "image_gallery": [
              {
                "name": "onecol",
                "display": "onecol"
              },
              {
                "name": "twocol",
                "display": "twocol"
              },
              {
                "name": "threecol",
                "display": "threecol"
              },
              {
                "name": "fourcol",
                "display": "fourcol"
              },
              {
                "name": "icons",
                "display": "icons"
              },
              {
                "name": "avatars",
                "display": "avatars"
              }
            ]
          },
          "choices": {
            "cta": {
              "type": "Slice",
              "fieldset": "CTA",
              "description": "Full size CTA with background color",
              "icon": "touch_app",
              "display": "list",
              "non-repeat": {
                "cta_background_color": {
                  "type": "Color",
                  "config": {
                    "label": "CTA Background Color"
                  }
                },
                "cta_text": {
                  "type": "StructuredText",
                  "config": {
                    "multi": "paragraph, preformatted, heading1, heading2, heading3, heading4, heading5, heading6, strong, em, hyperlink, image, embed, list-item, o-list-item, o-list-item",
                    "label": "CTA_text"
                  }
                },
                "cta_button": {
                  "type": "StructuredText",
                  "config": {
                    "multi": "paragraph, preformatted, heading1, heading2, heading3, heading4, heading5, heading6, strong, em, hyperlink, image, embed, list-item, o-list-item, o-list-item",
                    "label": "CTA Button"
                  }
                },
                "cta_button_link": {
                  "type": "Link",
                  "config": {
                    "label": "CTA Button Link"
                  }
                },
                "cta_button_color": {
                  "type": "Color",
                  "config": {
                    "label": "CTA Button Color"
                  }
                }
              },
              "repeat": {}
            },
            "image_gallery": {
              "type": "Slice",
              "fieldset": "Image Gallery",
              "description": "A collection of images, each with a description and an optional link",
              "icon": "image",
              "non-repeat": {
                "gallery_title": {
                  "type": "StructuredText",
                  "config": {
                    "single": "heading2, heading3",
                    "label": "Gallery Title",
                    "placeholder": "Image Gallery Title...",
                    "isEverythingAuthorized": false,
                    "authorized": [
                      "heading2",
                      "heading3",
                      "text"
                    ],
                    "isAuthorized": {}
                  }
                }
              },
              "repeat": {
                "feature": {
                  "type": "StructuredText",
                  "config": {
                    "single": "heading2, heading3, heading4, heading5, heading6",
                    "label": "Feature"
                  }
                },
                "image_description": {
                  "type": "StructuredText",
                  "config": {
                    "single": "paragraph",
                    "label": "Image Description",
                    "placeholder": "Image description...",
                    "isEverythingAuthorized": false,
                    "authorized": [
                      "paragraph",
                      "text"
                    ],
                    "isAuthorized": {}
                  }
                },
                "overlay_text": {
                  "type": "StructuredText",
                  "config": {
                    "single": "paragraph",
                    "label": "Overlay Text",
                    "placeholder": "Text to add on top of the picture"
                  }
                },
                "link": {
                  "type": "Link",
                  "config": {
                    "label": "Link",
                    "placeholder": "Optional Link"
                  }
                },
                "link_label": {
                  "type": "StructuredText",
                  "config": {
                    "single": "paragraph",
                    "label": "Link Label",
                    "placeholder": "Optional Link Label",
                    "isEverythingAuthorized": false,
                    "authorized": [
                      "paragraph",
                      "text"
                    ],
                    "isAuthorized": {}
                  }
                },
                "image": {
                  "type": "Image",
                  "config": {
                    "constraint": {
                      "width": null,
                      "height": null
                    },
                    "thumbnails": [
                      {
                        "name": "threecol",
                        "width": 411,
                        "height": 411
                      },
                      {
                        "name": "twocol",
                        "width": 630,
                        "height": 630
                      },
                      {
                        "name": "onecol",
                        "width": 630,
                        "height": 300
                      },
                      {
                        "name": "fourcol",
                        "width": 308,
                        "height": 308
                      },
                      {
                        "name": "icons",
                        "width": 58,
                        "height": 58
                      },
                      {
                        "name": "avatars",
                        "width": 81,
                        "height": 81
                      }
                    ],
                    "label": "Image"
                  }
                }
              },
              "display": "grid"
            },
            "section_title": {
              "type": "Slice",
              "fieldset": "Section Title",
              "description": "Section title (with Icon)",
              "icon": "title",
              "display": "list",
              "non-repeat": {
                "section_icon": {
                  "type": "Image",
                  "config": {
                    "constraint": {
                      "width": 66,
                      "height": 63
                    },
                    "thumbnails": [],
                    "label": "Section Icon"
                  }
                },
                "section_title": {
                  "type": "StructuredText",
                  "config": {
                    "single": "heading2, heading3, heading4, heading5, heading6",
                    "label": "Section title"
                  }
                }
              },
              "repeat": {}
            },
            "text": {
              "type": "Slice",
              "fieldset": "Text",
              "description": "Rich Text Section",
              "icon": "text_fields",
              "non-repeat": {
                "title": {
                  "type": "StructuredText",
                  "config": {
                    "single": "heading2, heading3, heading4, heading5, heading6",
                    "label": "Title"
                  }
                },
                "text": {
                  "type": "StructuredText",
                  "config": {
                    "multi": "paragraph, preformatted, heading1, heading2, heading3, heading4, heading5, heading6, strong, em, hyperlink, image, embed, list-item, o-list-item, o-list-item",
                    "label": "text",
                    "placeholder": "Your content here"
                  }
                }
              },
              "repeat": {}
            },
            "smaller_cta": {
              "type": "Slice",
              "fieldset": "Smaller CTA",
              "description": "Small CTA with background",
              "icon": "touch_app",
              "display": "list",
              "non-repeat": {
                "cta_background_color": {
                  "type": "Color",
                  "config": {
                    "label": "CTA Background Color"
                  }
                },
                "cta_text": {
                  "type": "StructuredText",
                  "config": {
                    "multi": "paragraph, preformatted, heading1, heading2, heading3, heading4, heading5, heading6, strong, em, hyperlink, image, embed, list-item, o-list-item, o-list-item",
                    "label": "CTA text",
                    "placeholder": "Read the Frequently Asked Questions (FAQs) for more"
                  }
                },
                "button": {
                  "type": "StructuredText",
                  "config": {
                    "multi": "paragraph, preformatted, heading1, heading2, heading3, heading4, heading5, heading6, strong, em, hyperlink, image, embed, list-item, o-list-item, o-list-item",
                    "label": "Button",
                    "placeholder": "FAQs"
                  }
                },
                "button_link": {
                  "type": "Link",
                  "config": {
                    "label": "Button link"
                  }
                },
                "button_color": {
                  "type": "Color",
                  "config": {
                    "label": "Button Color"
                  }
                }
              },
              "repeat": {}
            }
          }
        }
      }
    },
    "Social Cards": {
      "seo_page_title": {
        "type": "StructuredText",
        "config": {
          "single": "heading1, heading2, heading3, heading4, heading5, heading6",
          "label": "SEO Page Title"
        }
      },
      "seo_description": {
        "type": "StructuredText",
        "config": {
          "single": "paragraph",
          "label": "SEO Description"
        }
      },
      "Social body": {
        "type": "Slices",
        "fieldset": "Slice zone",
        "config": {
          "labels": {},
          "choices": {
            "general_card": {
              "type": "Slice",
              "fieldset": "General Card",
              "description": "General Social card for Facebook, LinkedIn, Google+, etc.",
              "icon": "art_track",
              "non-repeat": {
                "title": {
                  "type": "StructuredText",
                  "config": {
                    "single": "heading1",
                    "label": "Title",
                    "placeholder": "Title..."
                  }
                },
                "description": {
                  "type": "StructuredText",
                  "config": {
                    "single": "paragraph",
                    "label": "Description",
                    "placeholder": "Description..."
                  }
                },
                "image": {
                  "type": "Image",
                  "config": {
                    "constraint": {
                      "width": 1200,
                      "height": 650
                    },
                    "thumbnails": [],
                    "label": "Image"
                  }
                }
              },
              "repeat": {}
            },
            "twitter_card": {
              "type": "Slice",
              "fieldset": "Twitter Card",
              "description": "Twitter summary card with image",
              "icon": "subtitles",
              "non-repeat": {
                "card_type": {
                  "type": "Select",
                  "config": {
                    "options": [
                      "Standard Summary Card",
                      "Summary Card with Large Image"
                    ],
                    "default_value": "Standard Summary Card",
                    "label": "Card type"
                  }
                },
                "twitter_handle": {
                  "type": "Text",
                  "config": {
                    "label": "Twitter Handle",
                    "placeholder": "Twitter handle..."
                  }
                },
                "title": {
                  "type": "StructuredText",
                  "config": {
                    "single": "paragraph",
                    "label": "Title",
                    "placeholder": "Twitter Card Title..."
                  }
                },
                "description": {
                  "type": "StructuredText",
                  "config": {
                    "single": "paragraph",
                    "label": "Description",
                    "placeholder": "Twitter Card Description..."
                  }
                },
                "image": {
                  "type": "Image",
                  "config": {
                    "constraint": {
                      "width": 300,
                      "height": 300
                    },
                    "thumbnails": [
                      {
                        "name": "large_image",
                        "width": 600,
                        "height": 314
                      }
                    ],
                    "label": "Image"
                  }
                }
              },
              "repeat": {}
            }
          }
        }
      }
    }
  }